{
  "accuracy": 0.7625416666666667,
  "precision_weighted": 0.7639420261512554,
  "recall_weighted": 0.7625416666666667,
  "f1_weighted": 0.7632190660463601,
  "precision_macro": 0.38577712537733233,
  "recall_macro": 0.3903735979938604,
  "f1_macro": 0.3877276960776354,
  "confusion_matrix": [
    [
      0,
      37,
      7,
      0
    ],
    [
      36,
      12183,
      2832,
      11
    ],
    [
      19,
      2696,
      6116,
      31
    ],
    [
      0,
      9,
      21,
      2
    ]
  ],
  "classification_report": "              precision    recall  f1-score   support\n\n           1       0.00      0.00      0.00        44\n           2       0.82      0.81      0.81     15062\n           3       0.68      0.69      0.69      8862\n           4       0.05      0.06      0.05        32\n\n    accuracy                           0.76     24000\n   macro avg       0.39      0.39      0.39     24000\nweighted avg       0.76      0.76      0.76     24000\n",
  "label": "RandomForest + SMOTE"
}